<?xml version="1.0" encoding="UTF-8" ?>
<Controller>
<ExecutiveLoadOption>
    <ExecFile>\Logix\CurrentApp\Executive.bin</ExecFile>
    <OtherExecFile>\Logix\CurrentApp\Netlinx.bin</OtherExecFile>
</ExecutiveLoadOption>
<ProgramLoadOption>
    <ProgramLoadMode>CORRUPT_RAM_ENET_RESTORE</ProgramLoadMode>
    <LoadFile>\Logix\CurrentApp\FRCFMS18.p5k</LoadFile>
</ProgramLoadOption>
<ControllerModeOption>
    <ControllerMode>RUN</ControllerMode>
</ControllerModeOption>
<VersionControl>
    <Version>01.020.018.091</Version>
</VersionControl>
<FirmwareSupervisor>
    <UpdateMode>IN_ACTIVE</UpdateMode>
</FirmwareSupervisor>
</Controller>